feature,importance
discharge_to_threshold_ratio,20.758153510977426
flood_risk_today,8.638063376688212
rain_roll_3d,6.041351100287582
latitude,4.674267123291155
precipitation_hours,4.144354448824065
sin_doy,3.7111189268574654
cos_doy,3.2560917721400147
temperature_mean_c,3.2280766790193898
elevation_m,3.0765167491729475
monsoon_season,3.033817724532403
discharge_diff_1d,2.960647297763619
relative_humidity_mean_pct,2.952962392256732
discharge_roll_3d_mean,2.9071175499579103
precip_roll_3d,2.7048501588577785
longitude,2.6339674091343404
soil_moisture_0_100cm_m3m3,2.6267290226355007
flood_threshold,2.606842681464109
discharge_roll_3d_max,2.321301251259686
wind_direction_dominant_deg,2.30040049841954
day_of_year,2.215959436792456
river_discharge_m3s,1.966755893436211
month,1.7604707704733484
basin,1.5574741245348207
rain_mm,1.531227633602736
dew_point_mean_c,1.4330205980900463
wind_speed_max_kmh,1.367108506582928
precip_roll_7d,1.2988344269671994
precipitation_mm,1.016063045292871
wind_gusts_max_kmh,0.547036535663521
soil_moisture_diff_1d,0.44537376270292645
location,0.25001268824516987
river,0.0340329040759028
